,Name,Year,release_speed,release_spin_rate,release_extension
0,Andrew Abbott,24,94.9,3002,7.2
1,Alaska Abney,24,88.5,2416,7.2
2,Bryan Abreu,24,98.6,3196,7.4
3,Jason Adam,24,97.4,2994,7.4
4,Austin Adams,24,95.8,3230,6.7
5,Joan Adon,24,95.9,2330,7.6
6,Melvin Adón,24,99.0,2844,6.3
7,Zach Agnos,24,,,
8,Keegan Akin,24,95.4,2755,6.3
9,Jorge Alcala,24,99.2,2632,6.4
10,Tyler Alexander,24,91.1,2938,7.1
11,Peyton Alford,24,90.8,2276,5.8
12,Kolby Allard,24,91.2,2213,6.3
13,Logan Allen,24,93.7,2804,6.8
14,Yency Almonte,24,96.3,2839,7.2
15,Dan Altavilla,24,,,
16,Elvis Alvarado,24,98.3,2381,5.8
17,José Alvarado,24,101.0,2373,7.3
18,Nelson L. Alvarez,24,94.6,2466,6.6
19,Adbert Alzolay,24,96.7,2786,7.0
20,Chase Anderson,24,94.8,2595,6.1
21,Drew Anderson,24,97.8,2905,6.7
22,Grant Anderson,24,94.1,2570,6.9
23,Justin Anderson,24,97.3,2548,7.3
24,Nick Anderson,24,96.2,2277,6.4
25,Tyler Anderson,24,92.4,2549,7.0
26,Clayton Andrews,24,94.6,2819,5.7
27,Tanner Andrews,24,,,
28,Matt Andriese,24,92.9,2749,6.6
29,Tejay Antone,24,95.3,2785,6.6
30,Luis Arejula,24,,,
31,Luarbert Arias,24,94.2,2334,6.2
32,Michael Arias,24,,,
33,Shawn Armstrong,24,95.9,2752,7.3
34,Spencer Arrighetti,24,96.7,3029,8.1
35,Konnor Ash,24,92.7,2122,5.8
36,Aaron Ashby,24,95.3,3311,5.4
37,Graham Ashcraft,24,100.0,3074,6.1
38,Keyshawn Askew,24,93.8,2275,7.1
39,Javier Assad,24,95.2,2613,7.0
40,Nick Avila,24,96.6,2568,6.8
41,Pedro Avila,24,96.6,2994,7.1
42,Bryan Baker,24,97.7,2369,6.7
43,Trent Baker,24,,,
44,Jordan Balazovic,24,95.6,2345,6.6
45,Anthony Banda,24,96.9,2287,6.5
46,Tanner Banks,24,95.3,2555,6.5
47,Scott Barlow,24,94.2,2963,7.7
48,Jacob Barnes,24,96.7,2725,7.1
49,Matt Barnes,24,93.9,2305,7.3
50,Zach Barnes,24,,,
51,Jaime Barria,24,94.9,2421,6.2
52,Andrew Bash,24,,,
53,Chris Bassitt,24,95.8,2529,7.0
54,Jake Bauers,24,73.4,1761,4.5
55,Tyler Baum,24,95.9,1981,6.0
56,Mike Baumann,24,98.6,2596,7.1
57,Jarod Bayless,24,,,
58,Eduard Bazardo,24,94.9,2716,6.4
59,David Bednar,24,98.2,2679,7.6
60,Tyler Beede,24,96.2,2283,6.8
61,Jalen Beeks,24,96.9,2821,7.7
62,Clayton Beeter,24,96.9,2937,6.1
63,Jeff Belge,24,93.4,2720,6.5
64,Andrew Bellatti,24,95.4,2671,6.1
65,Brayan Bello,24,98.0,2531,7.1
66,Anthony Bender,24,98.1,2909,6.7
67,Jorge Benitez,24,,,
68,Denny Bentley,24,,,
69,Trey Benton,24,,,
70,Brennan Bernardino,24,94.4,2870,7.0
71,Prelander Berroa,24,95.0,2461,6.2
72,José Berríos,24,96.4,2568,7.7
73,Tanner Bibee,24,97.3,3033,7.2
74,Phil Bickford,24,92.9,2342,7.2
75,Osvaldo Bido,24,96.4,2481,6.5
76,Shane Bieber,24,93.7,2603,7.2
77,Brandon Bielak,24,93.7,2649,6.3
78,Hunter Bigge,24,98.8,2441,6.9
79,Jake Bird,24,97.8,3114,6.8
80,Spencer Bivens,24,,,
81,Ty Blach,24,91.3,2519,5.5
82,Mason Black,24,94.3,2656,7.2
83,Paul Blackburn,24,94.8,2849,7.0
84,Nolan Blackwood,24,,,
85,Ronel Blanco,24,95.9,2395,7.6
86,Richard Bleier,24,,,
87,Scott Blewett,24,98.1,2496,7.3
88,Cody Bolton,24,97.3,2837,7.0
89,Cam Booser,24,98.3,2288,7.2
90,Ryan Borucki,24,96.4,2506,7.2
91,Ryan Bourassa,24,92.2,2386,6.5
92,Caleb Boushley,24,92.3,2441,6.2
93,Ben Bowden,24,,,
94,Jonathan Bowlan,24,98.5,2649,6.9
95,Kaleb Bowman,24,93.3,2392,6.8
96,Matt Bowman,24,93.8,2802,7.8
97,Ryan Boyer,24,92.3,2066,6.7
98,Joe Boyle,24,99.6,2829,7.5
99,Cody Bradford,24,92.9,2273,8.7
100,Kyle Bradish,24,98.1,2862,6.8
101,Taj Bradley,24,99.2,2702,6.9
102,Ryan Brady,24,,,
103,Stevie Branche,24,,,
104,Ryan Brasier,24,96.1,2631,7.2
105,John Brebbia,24,96.4,2884,7.1
106,Jake Brentz,24,,,
107,Colten Brewer,24,96.3,3076,6.8
108,Michael Brewer,24,,,
109,Austin Brice,24,95.3,3074,5.9
110,Beau Brieske,24,98.3,2613,6.5
111,Jeff Brigham,24,96.0,3056,6.2
112,Jhony Brito,24,99.1,2377,6.9
113,Rio Britton,24,,,
114,Connor Brogdon,24,94.2,2553,7.5
115,Aaron Brooks,24,,,
116,Ben Brown,24,98.6,2602,7.4
117,Hunter Brown,24,98.1,2757,7.1
118,Justin Bruihl,24,,,
119,David Buchanan,24,93.0,2709,6.3
120,Walker Buehler,24,97.6,2913,6.8
121,J.B. Bukauskas,24,95.0,2676,6.2
122,Aaron Bummer,24,95.3,2735,7.0
123,Nick Burdi,24,99.9,3046,6.7
124,Juan Burgos,24,,,
125,Brock Burke,24,96.8,2405,7.8
126,Corbin Burnes,24,97.8,3304,6.9
127,Tanner Burns,24,,,
128,Alan Busenitz,24,,,
129,Ty Buttrey,24,,,
130,José Buttó,24,96.1,2851,7.3
131,Michael Byrne,24,,,
132,Edward Cabrera,24,97.9,2806,7.4
133,Génesis Cabrera,24,97.7,2532,6.4
134,Isaiah Campbell,24,95.5,2913,6.9
135,Griffin Canning,24,95.1,2828,6.7
136,Jonathan Cannon,24,96.3,2772,6.6
137,Yennier Cano,24,97.7,3296,7.2
138,Matt Carasiti,24,95.5,2187,6.6
139,Sam Carlson,24,95.6,2370,6.9
140,Carlos Carrasco,24,93.8,3063,7.5
141,Brad Case,24,,,
142,Blas Castano,24,95.2,2598,5.6
143,Humberto Castellanos,24,,,
144,Diego Castillo,24,,,
145,José Castillo,24,,,
146,Luis Castillo,24,97.8,2896,6.6
147,Max Castillo,24,92.8,2436,6.6
148,Miguel Castro,24,97.4,2970,7.7
149,Willi Castro,24,72.8,1755,4.9
150,Dylan Cease,24,99.6,3127,7.1
151,Slade Cecconi,24,98.5,2777,7.0
152,Brendan Cellucci,24,95.4,2455,7.0
153,Felix Cepeda,24,,,
154,Luis Cessa,24,,,
155,Andrew Chafin,24,94.0,2821,7.2
156,Dakota Chalmers,24,,,
157,Aroldis Chapman,24,103.0,2531,8.1
158,Wandisson Charles,24,,,
159,Jesse Chavez,24,91.7,2772,7.0
160,Yonny Chirinos,24,94.6,2470,6.2
161,Jack Choate,24,,,
162,Marc Church,24,,,
163,Adam Cimber,24,88.4,3104,6.9
164,José Cisnero,24,98.0,2764,6.9
165,Aaron Civale,24,94.6,3308,6.2
166,Chris Clarke,24,,,
167,Taylor Clarke,24,,,
168,Emmanuel Clase,24,101.4,2755,7.0
169,Garrett Cleavinger,24,98.3,3058,7.1
170,Nolan Clenney,24,93.8,2289,6.4
171,Mike Clevinger,24,96.5,2565,7.2
172,Trevor Clifton,24,94.5,2258,5.9
173,Franny Cobos,24,,,
174,Dylan Coleman,24,95.3,2457,7.5
175,Jeffrey Colon,24,95.1,2688,6.5
176,Efrain Contreras,24,93.2,2650,6.5
177,Luis Contreras,24,94.8,2705,7.1
178,Roansy Contreras,24,96.8,2870,6.8
179,Connor Cooke,24,95.5,2812,6.0
180,Patrick Corbin,24,93.8,2515,7.5
181,Joshua Cornielly,24,96.8,2377,7.0
182,Alex Cornwell,24,94.6,2518,6.3
183,Danis Correa,24,,,
184,Nestor Cortes,24,94.6,2731,6.8
185,Tom Cosgrove,24,92.5,2914,6.6
186,Cameron Cotter,24,,,
187,Danny Coulombe,24,92.7,2886,6.4
188,Jake Cousins,24,95.9,2960,7.4
189,Kutter Crawford,24,94.8,2615,6.8
190,Nabil Crismatt,24,92.5,2411,7.3
191,Cooper Criswell,24,91.1,2802,7.8
192,Garrett Crochet,24,99.8,2827,8.1
193,Declan Cronin,24,96.1,2920,7.1
194,Hans Crouse,24,,,
195,Fernando Cruz,24,96.4,2653,7.5
196,Steven Cruz,24,,,
197,Jose Cuas,24,94.5,2664,6.9
198,Charlie Culberson,24,,,
199,Ty Cummings,24,,,
200,Xzavion Curry,24,92.8,2652,6.3
201,John Curtiss,24,95.0,2707,6.6
202,Luis Curvelo,24,97.0,2489,7.1
203,R.J. Dabovich,24,96.3,2473,6.3
204,Caden Dana,24,,,
205,Hagen Danner,24,96.4,2217,6.7
206,Dugan Darnell,24,93.9,2388,6.7
207,Yu Darvish,24,96.4,3057,7.0
208,Jack Dashwood,24,,,
209,Zach Davies,24,,,
210,Noah Davis,24,94.8,2747,6.3
211,Enyel De Los Santos,24,97.0,2383,7.3
212,Yerry De Los Santos,24,96.7,2311,6.9
213,Brayan De Paula,24,,,
214,Eddy Demurias,24,,,
215,Reid Detmers,24,96.6,2780,6.8
216,Chris Devenski,24,94.7,2858,6.8
217,Jhonathan Diaz,24,,,
218,Jake Diekman,24,96.3,3082,7.0
219,Jonah Dipoto,24,,,
220,Dylan Dodd,24,,,
221,Seranthony Domínguez,24,99.5,2971,7.8
222,Camilo Doval,24,101.8,2672,7.4
223,Daniel Duarte,24,97.7,2897,6.5
224,Shawn Dubin,24,96.9,3049,6.9
225,Tyler Duffey,24,94.4,2784,7.1
226,Danny Duffy,24,91.5,2424,7.3
227,Dane Dunning,24,92.7,2505,8.4
228,Parker Dunshee,24,93.5,2479,5.8
229,Jon Duplantier,24,97.1,2688,7.3
230,Jhoan Duran,24,102.7,2775,6.8
231,Alexis Díaz,24,95.9,2836,8.7
232,Edwin Díaz,24,99.3,2580,8.4
233,Miguel Díaz,24,94.9,2503,6.3
234,Carl Edwards Jr.,24,,,
235,Zach Eflin,24,93.7,2743,7.8
236,Brandon Eisert,24,93.2,2278,7.3
237,Bryce Elder,24,92.8,2640,6.3
238,Kent Emanuel,24,91.4,2551,6.2
239,Stevie Emanuels,24,,,
240,Mason Englert,24,93.4,2504,6.4
241,Blayne Enlow,24,92.1,2488,7.5
242,Nic Enright,24,94.0,2473,6.4
243,Nathan Eovaldi,24,98.1,2429,7.4
244,Lucas Erceg,24,100.5,2304,7.4
245,Edwin Escobar,24,95.0,2448,6.0
246,Paolo Espino,24,90.5,3173,7.2
247,Joey Estes,24,94.7,2664,6.1
248,Jeremiah Estrada,24,98.2,2410,7.5
249,Carlos Estévez,24,98.5,2402,6.7
250,Alex Faedo,24,96.2,2836,7.2
251,Pete Fairbanks,24,99.2,2756,7.4
252,Bailey Falter,24,94.1,2196,8.3
253,Buck Farmer,24,93.9,3083,7.0
254,Calvin Faucher,24,98.1,3038,6.2
255,Erick Fedde,24,95.3,2562,7.4
256,Brady Feigl,24,,,
257,Ryan Feltner,24,98.4,2896,6.9
258,Caleb Ferguson,24,96.1,2962,6.9
259,Tyler Ferguson,24,97.4,2586,6.3
260,Ryan Fernandez,24,97.2,2703,7.1
261,J.P. Feyereisen,24,93.4,2881,6.3
262,Kyle Finnegan,24,98.6,2362,7.1
263,Richard Fitts,24,95.8,2505,7.0
264,Tyler Fitzgerald,24,69.0,1857,5.0
265,Jack Flaherty,24,97.8,2643,7.5
266,Josh Fleming,24,92.9,2438,7.7
267,Chris Flexen,24,94.6,2756,6.8
268,Dylan Floro,24,92.9,2338,7.5
269,J.C. Flowers,24,92.0,2196,6.0
270,Mason Fluharty,24,88.5,2703,6.9
271,Zach Fogell,24,,,
272,Jason Foley,24,101.3,2535,7.1
273,Kasey Ford,24,,,
274,J.P. France,24,94.9,2976,6.9
275,Bowden Francis,24,96.1,2714,7.3
276,Carlos A Francisco,24,92.8,2303,6.0
277,Nick Fraze,24,93.4,2059,6.7
278,Kyle Freeland,24,93.8,2656,7.7
279,Max Fried,24,98.4,3022,7.0
280,Matt Frisbee,24,,,
281,Luis Frías,24,98.0,2506,6.8
282,Shintaro Fujinami,24,98.8,2183,7.4
283,Carson Fulmer,24,94.6,2833,7.2
284,Kody Funderburk,24,94.9,2663,7.7
285,Hunter Gaddis,24,99.5,2572,7.7
286,Giovanny Gallegos,24,94.5,2591,6.2
287,Zac Gallen,24,96.3,2629,7.2
288,Robert Garcia,24,96.8,2451,7.3
289,Deivi García,24,97.4,3036,7.1
290,Luis García,24,98.6,2524,7.5
291,Yimi García,24,99.8,3012,7.3
292,Sam Gardner,24,95.0,2744,6.1
293,Tristan Garnett,24,95.1,2267,5.9
294,Amir Garrett,24,98.3,2278,6.8
295,Braxton Garrett,24,91.0,2446,6.9
296,Reed Garrett,24,98.4,2946,6.7
297,Justin Garza,24,96.2,2307,6.2
298,Robert Gasser,24,94.8,2688,6.9
299,Evan Gates,24,,,
300,Kevin Gausman,24,98.3,2513,7.2
301,Jordan Geber,24,92.0,2472,6.6
302,Paul Gervase,24,97.2,2541,7.7
303,Kyle Gibson,24,93.9,2662,7.4
304,Luis Gil,24,100.0,2810,7.8
305,Geoffrey Gilbert,24,,,
306,Logan Gilbert,24,99.2,2481,8.7
307,Tyler Gilbert,24,,,
308,Logan Gillaspie,24,94.5,2429,6.5
309,Kevin Ginkel,24,97.6,2687,7.3
310,Mychal Givens,24,92.1,2557,6.4
311,Tyler Glasnow,24,98.8,3092,8.4
312,Woo-Suk Go,24,94.1,2629,6.5
313,Austin Gomber,24,93.7,2744,7.3
314,Cesar Gomez,24,95.1,2701,6.1
315,Marco Gonzales,24,91.5,2980,7.5
316,Victor González,24,95.5,2996,7.1
317,MacKenzie Gore,24,98.8,2553,7.5
318,Anthony Gose,24,,,
319,JJ Goss,24,94.8,2211,6.7
320,Trevor Gott,24,,,
321,Kevin Gowdy,24,96.0,2366,6.9
322,Jon Gray,24,96.5,2550,7.5
323,Josiah Gray,24,94.8,2450,6.5
324,Sonny Gray,24,95.1,3108,7.1
325,Chad Green,24,97.0,2649,7.1
326,Conner Greene,24,,,
327,Hunter Greene,24,100.8,2589,7.1
328,Shane Greene,24,90.2,2656,6.4
329,Michael Grove,24,98.5,2824,7.4
330,Robert Gsellman,24,,,
331,Sean Guenther,24,92.6,2517,6.4
332,Tyson Guerrero,24,,,
333,Luis Guillorme,24,74.0,1678,6.1
334,Ryan Gusto,24,,,
335,Gerardo Gutierrez,24,,,
336,Vladimir Gutierrez,24,95.3,2554,7.7
337,Zach Haake,24,,,
338,Josh Hader,24,99.1,2612,7.3
339,Justin Hagenman,24,93.7,2559,6.6
340,DL Hall,24,94.6,2723,7.4
341,Patrick Halligan,24,,,
342,Seth Halvorsen,24,99.1,2364,6.7
343,Dom Hamel,24,95.4,2815,6.6
344,Ian Hamilton,24,98.4,2462,6.4
345,Emerson Hancock,24,95.7,2601,7.2
346,Brenan Hanifee,24,96.1,2254,6.4
347,Daniel Harper,24,97.3,2591,5.9
348,Hayden Harris,24,,,
349,Hobie Harris,24,96.8,2521,6.5
350,Hogan Harris,24,95.2,2894,7.0
351,Kyle Harrison,24,95.8,2918,7.5
352,Geoff Hartlieb,24,95.5,2567,6.5
353,Grant Hartwig,24,95.7,2580,6.4
354,Hunter Harvey,24,100.2,2542,6.8
355,Andrew Heaney,24,94.1,2818,6.9
356,Jonathan Heasley,24,95.0,2761,6.7
357,Ryan Helsley,24,102.8,2740,7.0
358,Kyle Hendricks,24,90.5,3118,6.1
359,Blair Henley,24,93.0,3287,7.3
360,Ryan Hennen,24,,,
361,Edgardo Henriquez,24,98.6,2573,6.9
362,Ronny Henriquez,24,94.8,2474,6.8
363,Tommy Henry,24,93.6,2893,7.6
364,Sam Hentges,24,95.6,2511,7.3
365,Lincoln Henzman,24,94.6,2734,5.6
366,Kevin Herget,24,95.8,2426,6.0
367,Aaron Hernandez,24,93.5,2391,6.1
368,Adrian Hernandez,24,92.1,2213,6.7
369,Jose Hernandez,24,94.3,2314,6.3
370,Jonathan Hernández,24,98.4,2627,7.1
371,Tim Herrin,24,97.6,2621,7.5
372,Aaron Hicks,24,79.6,1867,4.8
373,Jordan Hicks,24,99.5,2546,7.4
374,Jake Higginbotham,24,92.4,2480,5.9
375,Tim Hill,24,92.1,2833,7.5
376,Sean Hjelle,24,96.5,2426,6.9
377,Porter Hodge,24,97.2,2832,7.2
378,Bryan Hoeing,24,95.7,2356,7.8
379,Jeff Hoffman,24,98.1,3027,7.1
380,Nolan Hoffman,24,,,
381,Andrew Hoffmann,24,,,
382,Jonathan Holder,24,,,
383,Colin Holderman,24,98.6,2747,7.5
384,Jordan Holloway,24,98.9,2410,6.4
385,Grant Holman,24,,,
386,Clay Holmes,24,99.0,2917,6.3
387,Owen Holt,24,,,
388,Tyler Holton,24,93.5,2763,7.1
389,Blake Holub,24,,,
390,Brent Honeywell,24,96.8,2414,6.2
391,Tanner Houck,24,96.1,2789,7.2
392,Adrian Houser,24,95.0,2387,7.5
393,Spencer Howard,24,95.3,2229,6.8
394,Bryan Hudson,24,94.9,2607,8.5
395,Dakota Hudson,24,93.0,3162,7.6
396,Daniel Hudson,24,98.0,2719,7.3
397,Brandon Hughes,24,93.7,2634,6.8
398,Jonathan Hughes,24,,,
399,Kyle Hurt,24,97.1,2585,6.8
400,Brant Hurter,24,93.9,2726,7.1
401,Raisel Iglesias,24,97.1,2781,6.7
402,Shota Imanaga,24,94.5,2642,6.7
403,Cole Irvin,24,94.9,2880,7.3
404,Jake Irvin,24,97.9,3046,7.4
405,Gabriel Jackson,24,,,
406,Jay Jackson,24,93.8,2420,6.8
407,Luke Jackson,24,96.5,2626,7.4
408,Zach Jackson,24,93.0,2528,5.8
409,Joe Jacques,24,90.9,2350,6.4
410,Josh James,24,95.1,2578,6.7
411,Kenley Jansen,24,95.9,2807,7.6
412,Bryce Jarvis,24,98.0,2952,6.8
413,Cristian Javier,24,94.5,3127,6.5
414,Griffin Jax,24,98.1,3269,6.7
415,Tyler Jay,24,93.0,2373,6.4
416,Daulton Jefferies,24,93.7,2659,6.2
417,Chris Jefferson,24,,,
418,Wil Jensen,24,,,
419,Antonio Jimenez,24,93.9,2589,6.3
420,Dany Jiménez,24,94.5,2539,6.2
421,Joe Jiménez,24,96.4,2607,8.1
422,Pierce Johnson,24,96.7,3204,6.5
423,Jared Jones,24,100.8,2893,8.0
424,Jordan Jones,24,,,
425,Nick Jones,24,,,
426,Ben Joyce,24,,,
427,Jorge Juan,24,,,
428,Daniel Juarez,24,93.8,2386,6.5
429,Hayden Juenger,24,95.2,2510,6.0
430,Jakob Junis,24,94.3,2654,6.9
431,Janson Junk,24,96.2,2645,6.9
432,Cameron Junker,24,93.0,2423,7.6
433,Evan Justice,24,95.8,2487,6.3
434,Ricky Karcher,24,97.9,2326,6.0
435,Jared Karros,24,94.4,2377,6.9
436,Brad Keller,24,95.9,2743,6.5
437,Mitch Keller,24,97.5,3068,7.0
438,Trevor Kelley,24,90.6,2529,7.0
439,Joe Kelly,24,100.7,3129,6.8
440,Kevin Kelly,24,92.8,2724,7.8
441,Merrill Kelly,24,94.4,2757,6.7
442,Michael Kelly,24,97.2,2952,6.9
443,Zack Kelly,24,97.8,2956,7.5
444,Orion Kerkering,24,99.7,3119,6.6
445,Ray Kerr,24,98.1,2478,6.4
446,Grae Kessinger,24,76.8,2054,6.7
447,Tanner Kiest,24,,,
448,Yusei Kikuchi,24,98.2,2638,8.1
449,Keylan Killgore,24,,,
450,Craig Kimbrel,24,96.7,2817,7.3
451,Isiah Kiner-Falefa,24,73.6,1676,5.7
452,Bryan King,24,,,
453,John King,24,95.1,2735,6.6
454,Joseph King,24,93.4,2040,6.4
455,Michael King,24,96.4,2903,7.0
456,Tyler Kinley,24,98.0,2997,6.0
457,George Kirby,24,99.3,2690,7.5
458,Austin Kitchen,24,,,
459,Andrew Kittredge,24,95.8,2803,6.9
460,Will Klein,24,98.1,2348,6.4
461,Landon Knack,24,94.7,2993,6.3
462,Matt Koch,24,94.4,2372,6.5
463,Jared Koenig,24,98.0,2697,6.9
464,Adam Kolarek,24,87.5,2334,6.6
465,Stephen Kolek,24,97.0,2759,7.4
466,Michael Kopech,24,102.0,2822,7.6
467,Evan Kravetz,24,,,
468,Joey Krehbiel,24,95.5,2549,6.4
469,Dean Kremer,24,96.8,2939,6.7
470,Brooks Kriske,24,,,
471,Zac Kristofak,24,93.4,2739,5.9
472,Matt Krook,24,,,
473,Chad Kuhl,24,,,
474,Joel Kuhnel,24,97.6,2533,7.6
475,Robert Kwiatkowski,24,93.6,2309,6.7
476,Joe La Sorsa,24,,,
477,Randy Labaut,24,94.5,2405,7.1
478,Peter Lambert,24,96.5,2772,7.1
479,Dinelson Lamet,24,95.7,2696,6.2
480,Alex Lange,24,97.8,2447,6.8
481,Sauryn Lao,24,91.9,2265,6.2
482,Jacob Latz,24,96.8,2850,7.0
483,Eric Lauer,24,93.6,2419,6.6
484,Derek Law,24,97.5,2434,6.9
485,Casey Lawrence,24,89.7,2568,6.7
486,Justin Lawrence,24,98.3,3239,7.2
487,Holden Laws,24,,,
488,Max Lazar,24,94.9,2602,7.2
489,Kyle Leahy,24,96.9,2687,7.7
490,Jordan Leasure,24,98.1,3089,7.3
491,José Leclerc,24,96.8,2858,6.1
492,Dylan Lee,24,94.9,2484,6.7
493,Jack Leftwich,24,96.2,2430,6.3
494,Casey Legumina,24,94.6,2780,6.7
495,Taylor Lehman,24,94.6,2687,6.4
496,Zac Leigh,24,,,
497,Mark Leiter Jr.,24,93.0,2425,7.0
498,Jack Leiter,24,97.7,2804,7.4
499,Dominic Leone,24,97.0,3041,7.1
500,Matthew Liberatore,24,97.7,3072,6.7
501,Valentin Linarez,24,96.9,2470,7.6
502,Jesús Liranzo,24,97.7,2477,7.0
503,Zack Littell,24,95.1,2518,7.2
504,Brendon Little,24,97.0,2494,5.9
505,Luke Little,24,99.0,2500,7.9
506,Ben Lively,24,92.8,2245,7.5
507,Mauricio Llovera,24,,,
508,Nick Lodolo,24,96.3,2863,7.1
509,Zach Logue,24,,,
510,Nolan Long,24,,,
511,Sam Long,24,,,
512,Jacob Lopez,24,93.1,2471,7.2
513,Michael Lorenzen,24,96.5,2823,6.7
514,Richard Lovelady,24,94.9,2493,7.7
515,Rhett Lowder,24,,,
516,Jonathan Loáisiga,24,98.8,2805,7.0
517,Easton Lucas,24,96.5,2489,6.8
518,Lucas Luetge,24,,,
519,Seth Lugo,24,96.4,3550,6.9
520,Gil Luna,24,,,
521,Jesús Luzardo,24,98.0,2543,6.4
522,Jordan Lyles,24,93.2,2543,7.1
523,Daniel Lynch IV,24,95.2,2506,6.8
524,Lance Lynn,24,95.0,2958,7.1
525,Jorge López,24,97.1,2616,7.0
526,Pablo López,24,96.5,2964,8.2
527,Reynaldo López,24,98.1,2579,6.8
528,Will Mabrey,24,91.6,2466,6.3
529,Josh Maciejewski,24,91.1,2184,7.0
530,Angel Macuare,24,95.6,2817,6.5
531,Kenta Maeda,24,91.6,2827,6.6
532,Anthony Maldonado,24,95.0,2830,6.3
533,Sean Manaea,24,96.0,2460,8.0
534,Matt Manning,24,97.6,2506,7.3
535,Alek Manoah,24,96.5,2511,7.4
536,Joe Mantiply,24,91.6,2637,6.9
537,Ron Marinaccio,24,95.1,2472,7.5
538,Emilio Marquez,24,,,
539,Andrew Marrero,24,92.6,2688,6.6
540,Alec Marsh,24,98.2,2840,7.0
541,Yunior Marte,24,98.9,2764,7.3
542,Chris Martin,24,96.7,2424,7.2
543,Corbin Martin,24,,,
544,Riley Martin,24,,,
545,Justin Martinez,24,102.3,2522,7.4
546,Nick Martinez,24,94.3,2794,6.3
547,Seth Martinez,24,93.0,2678,7.8
548,Phil Maton,24,90.5,3303,7.8
549,Yuki Matsui,24,94.3,2996,6.3
550,John Matthews,24,87.2,2670,6.4
551,Isaac Mattson,24,96.0,2398,7.1
552,Steven Matz,24,96.8,2559,7.6
553,Tyler Matzek,24,95.5,2976,6.7
554,Zach Maxwell,24,,,
555,Mike Mayers,24,93.6,2432,6.5
556,Tim Mayza,24,94.5,2982,7.5
557,James McArthur,24,96.2,2936,7.1
558,Darren McCaughan,24,91.4,2863,6.8
559,Kade McClure,24,94.7,2698,6.7
560,Chayce McDermott,24,,,
561,Cole McDonald,24,94.6,2623,6.4
562,T.J. McFarland,24,89.4,2542,6.5
563,Scott McGough,24,95.1,2800,6.2
564,Trey McGough,24,94.0,2482,6.5
565,Tyler McKay,24,91.7,2070,6.0
566,Triston McKenzie,24,93.5,2454,7.8
567,Zach McKinstry,24,75.0,1891,5.0
568,Trey McLoughlin,24,92.0,2386,7.4
569,Jake McSteen,24,93.4,2454,5.9
570,Sam McWilliams,24,98.0,2583,6.3
571,John Means,24,93.1,2520,6.5
572,Nick Mears,24,98.3,2743,7.3
573,Trevor Megill,24,100.3,2839,7.0
574,Tylor Megill,24,97.7,2627,7.9
575,Justin Meis,24,97.4,2852,5.7
576,Enmanuel Mejia,24,,,
577,Abel Mercedes,24,,,
578,Julian Merryweather,24,97.8,2442,6.7
579,Matt Mervis,24,87.4,2308,5.4
580,Max Meyer,24,96.5,2820,7.6
581,Trevin Michael,24,93.8,2720,6.0
582,Miles Mikolas,24,95.3,2677,6.9
583,Wade Miley,24,92.6,2512,6.4
584,Bobby Miller,24,100.3,2826,7.6
585,Bryce Miller,24,98.3,2708,6.9
586,Erik Miller,24,99.8,2914,6.9
587,Mason Miller,24,103.7,2697,7.9
588,Mitch Miller,24,91.5,2455,6.7
589,Owen Miller,24,69.6,1795,4.8
590,Shelby Miller,24,95.4,2541,7.8
591,Tyson Miller,24,94.1,2739,8.0
592,Hoby Milner,24,89.7,3487,7.7
593,Camden Minacci,24,,,
594,A.J. Minter,24,96.8,2595,6.8
595,Anthony Misiewicz,24,91.7,2927,6.2
596,Casey Mize,24,98.4,2566,7.8
597,Anthony Molina,24,96.8,2514,6.7
598,Sam Moll,24,94.5,3103,5.2
599,Frankie Montas,24,99.0,2797,7.1
600,Euri Montero,24,96.3,2081,6.6
601,Keider Montero,24,97.3,3130,6.8
602,Rafael Montero,24,97.1,2589,7.3
603,Christian Montes De Oca,24,94.1,2438,6.7
604,Patrick Monteverde,24,92.5,2432,6.6
605,Jordan Montgomery,24,93.9,2584,7.1
606,Emailin Montilla,24,94.2,2182,5.8
607,Andrew Moore,24,,,
608,Matt Moore,24,95.2,2590,6.6
609,Francisco Morales,24,96.0,2370,7.3
610,Brian Moran,24,,,
611,Adrian Morejon,24,99.2,3304,7.3
612,Gerson Moreno,24,94.0,2170,6.6
613,Luis Moreno,24,96.1,2833,6.4
614,Eli Morgan,24,93.7,2535,7.1
615,Cody Morris,24,96.2,2527,6.5
616,Charlie Morton,24,96.9,3297,6.8
617,Oddanier Mosqueda,24,94.1,2683,6.2
618,Kyle Muller,24,95.7,2559,7.1
619,Rolddy Munoz,24,,,
620,Noah Murdock,24,,,
621,Luke Murphy,24,,,
622,Joe Musgrove,24,94.7,3095,6.7
623,Parker Mushinski,24,92.8,2804,7.4
624,Andrés Muñoz,24,100.2,2439,7.2
625,Roddery Muñoz,24,97.5,2539,6.5
626,Tobias Myers,24,95.5,2571,7.0
627,Joe Nahas,24,,,
628,Andrew Nardi,24,96.9,2550,7.1
629,Nick Nastrini,24,95.2,2535,6.9
630,Tim Naughton,24,95.5,2805,5.5
631,Kyle Nelson,24,91.4,2814,6.9
632,Nick Nelson,24,94.7,2518,7.0
633,Ryne Nelson,24,98.7,2722,7.3
634,Héctor Neris,24,94.2,2568,6.7
635,Sean Newcomb,24,,,
636,Kyle Nicolas,24,100.3,2726,7.3
637,Vinny Nittoli,24,90.4,2766,7.5
638,Aaron Nixon,24,92.7,2413,6.3
639,Aaron Nola,24,94.4,2804,8.0
640,Dedniel Núñez,24,98.0,2756,6.7
641,Riley O'Brien,24,97.5,2569,7.6
642,Jack O'Loughlin,24,94.8,2564,6.7
643,Bailey Ober,24,94.4,2448,8.1
644,Jake Odorizzi,24,90.4,2300,6.8
645,Steven Okert,24,94.9,2835,7.2
646,Wyatt Olds,24,96.1,2408,6.5
647,Adam Oller,24,96.5,2448,6.5
648,Mat Olsen,24,,,
649,Reese Olson,24,96.8,3103,6.4
650,Ben Onyshko,24,,,
651,Kaleb Ort,24,,,
652,Luis F. Ortiz,24,96.3,2941,7.0
653,Luis L. Ortiz,24,99.0,2676,7.9
654,Peniel Otano,24,,,
655,Adam Ottavino,24,94.5,3010,7.8
656,Chris Paddack,24,97.3,2502,7.5
657,Nicholas Padilla,24,,,
658,Emilio Pagán,24,96.7,2707,7.3
659,Luis Palacios,24,89.1,2269,6.3
660,Daniel Palencia,24,101.4,2442,7.3
661,Andre Pallante,24,97.5,2929,7.0
662,Thomas Pannone,24,,,
663,Eric Pardinho,24,96.2,2191,6.5
664,Enoli Paredes,24,,,
665,Mitchell Parker,24,94.6,2467,7.8
666,Hunter Parsons,24,95.5,2350,7.1
667,Wes Parsons,24,96.2,2844,7.6
668,James Paxton,24,95.6,2317,7.4
669,Joel Payamps,24,96.0,2739,6.8
670,Nate Pearson,24,102.3,2812,7.5
671,Elvis Peguero,24,98.6,2874,7.7
672,Joel Peguero,24,97.8,2179,5.5
673,Walter Pennington,24,,,
674,Ryan Pepiot,24,97.0,2878,7.9
675,Freddy Peralta,24,98.9,2651,7.5
676,Wandy Peralta,24,96.7,2731,6.2
677,Wily Peralta,24,95.8,2288,6.1
678,Luis Perdomo,24,,,
679,RJ Petit,24,96.6,2317,6.5
680,Brandon Pfaadt,24,95.3,2923,7.2
681,Alex Pham,24,93.3,2519,6.5
682,Evan Phillips,24,97.9,2760,7.3
683,Tyler Phillips,24,95.0,2675,6.6
684,Konnor Pilkington,24,,,
685,Riley Pint,24,95.4,2600,7.5
686,Ricardo Pinto,24,96.5,2416,6.7
687,Nick Pivetta,24,96.9,2991,7.1
688,Colin Poche,24,93.3,2536,7.5
689,Triston Polley,24,,,
690,Drew Pomeranz,24,,,
691,Gabriel Ponce,24,93.3,2397,6.3
692,Zach Pop,24,98.2,2767,6.9
693,Austin Pope,24,,,
694,Sean Poppen,24,91.8,2209,6.4
695,Cody Poteet,24,95.1,2952,6.2
696,PJ Poulin,24,90.3,2127,6.7
697,Ryan Pressly,24,95.6,3469,7.0
698,Quinn Priester,24,96.0,2775,6.8
699,Austin Pruitt,24,93.2,3056,6.1
700,A.J. Puk,24,96.3,2429,8.1
701,Cionel Pérez,24,97.1,2684,6.3
702,Francisco Pérez,24,,,
703,Martín Pérez,24,93.5,2529,6.4
704,Cal Quantrill,24,96.2,2711,6.9
705,Luis Quinones,24,92.6,2506,6.5
706,Jose Quintana,24,92.4,2758,7.1
707,Cole Ragans,24,100.2,2821,6.6
708,Tanner Rainey,24,95.7,2551,7.3
709,Brooks Raley,24,90.8,3145,6.7
710,Emmanuel Ramirez,24,95.5,2766,6.9
711,Nick Ramirez,24,89.7,2653,5.9
712,Wilkin Ramos,24,95.6,2343,8.7
713,Erasmo Ramírez,24,93.5,2516,6.8
714,Yohan Ramírez,24,97.0,2877,7.8
715,Taylor Rashi,24,,,
716,Johnny Ray,24,,,
717,Colin Rea,24,95.2,2978,7.2
718,Joe Record,24,95.6,2019,6.6
719,Sean Reid-Foley,24,97.7,2425,7.2
720,Angel Reyes,24,94.3,2545,6.3
721,Gerardo Reyes,24,,,
722,Luis Reyes,24,,,
723,Pablo Reyes,24,78.5,2384,5.1
724,Jake Rice,24,93.7,2197,5.8
725,Trevor Richards,24,93.1,2856,6.7
726,Lyon Richardson,24,,,
727,Trey Riley,24,95.9,2749,6.4
728,Emmanuel Rivera,24,85.4,2074,5.3
729,Yaqui Rivera,24,,,
730,Daniel Robert,24,97.9,2660,6.3
731,Austin Roberts,24,87.7,2194,6.2
732,David Robertson,24,96.5,2850,7.2
733,Nick Robertson,24,96.4,2735,7.4
734,Domingo Robles,24,,,
735,Eduardo Rodriguez,24,,,
736,Grayson Rodriguez,24,99.0,2846,7.7
737,Miguel Rodriguez,24,92.1,2317,6.3
738,Joely Rodríguez,24,92.4,2533,7.1
739,Manuel Rodríguez,24,98.5,2571,7.0
740,Randy Rodríguez,24,100.5,3031,6.9
741,Wilking Rodríguez,24,97.6,2465,6.2
742,Yariel Rodríguez,24,97.6,2977,7.5
743,Yerry Rodríguez,24,98.5,2755,7.3
744,Carlos Rodón,24,98.5,2992,6.9
745,Taylor Rogers,24,94.8,2892,6.3
746,Trevor Rogers,24,94.9,2601,7.5
747,Tyler Rogers,24,84.8,2753,6.6
748,Josh Rojas,24,79.7,2022,5.7
749,Drew Rom,24,93.3,2511,6.0
750,Jordan Romano,24,99.0,2412,7.9
751,JoJo Romero,24,97.3,2854,6.0
752,Jose Romero,24,,,
753,John Rooney,24,94.1,2492,7.3
754,Ben Rortvedt,24,88.2,2114,5.3
755,Joe Ross,24,97.4,2483,7.3
756,Houston Roth,24,,,
757,Landen Roupp,24,96.2,3123,8.0
758,Chris Roycroft,24,99.5,2419,7.3
759,José Ruiz,24,98.7,2368,6.5
760,Aaron Rund,24,,,
761,Jackson Rutledge,24,97.3,2479,6.6
762,Joe Ryan,24,96.0,2885,7.5
763,Ryder Ryan,24,96.1,2554,8.0
764,Yacksel Ríos,24,,,
765,Andrew Saalfrank,24,90.9,2330,6.2
766,Erik Sabrowski,24,,,
767,Connor Sadzeck,24,94.0,2521,6.5
768,Chris Sale,24,97.2,2625,7.1
769,Tyler Samaniego,24,93.3,2476,7.1
770,Adrian Sampson,24,93.1,2664,6.8
771,Juan Sanchez,24,94.0,2195,6.0
772,Cam Sanders,24,,,
773,Nick Sandlin,24,93.8,2818,7.0
774,Patrick Sandoval,24,97.2,3004,6.8
775,Cole Sands,24,97.3,3031,6.3
776,Dennis Santana,24,98.4,2718,6.7
777,Tyler Santana,24,,,
778,Tony Santillan,24,,,
779,Alex Santos II,24,,,
780,Junior Santos,24,97.6,2337,6.8
781,Miguel Sanó,24,82.4,1924,4.7
782,Tayler Saucedo,24,93.4,2563,7.6
783,Matt Sauer,24,97.5,2804,7.1
784,Josh Sborz,24,97.0,2578,6.7
785,Frankie Scalzo Jr.,24,,,
786,Clarke Schmidt,24,96.6,3316,6.9
787,Garrett Schoenle,24,,,
788,Tyler Schoff,24,93.6,2588,6.1
789,John Schreiber,24,95.2,2993,7.4
790,Andrew Schultz,24,97.0,2429,6.5
791,Thomas Schultz,24,95.6,2479,7.1
792,Christian Scott,24,96.8,2742,7.5
793,Tanner Scott,24,98.4,2865,7.5
794,Tayler Scott,24,95.7,3019,7.0
795,Cody Scroggins,24,94.6,2355,6.1
796,JP Sears,24,95.1,2707,7.4
797,Hayden Seig,24,,,
798,Colin Selby,24,95.9,2822,7.0
799,Reidis Sena,24,,,
800,Gabriel Sequeira,24,90.6,2534,8.0
801,Luis Severino,24,98.4,2747,7.2
802,Paul Sewald,24,92.2,2629,6.9
803,Davis Sharpe,24,91.8,2883,6.8
804,Bryan Shaw,24,95.2,2814,6.5
805,Chasen Shreve,24,89.7,2257,6.8
806,Chase Shugart,24,97.5,2986,6.9
807,Jared Shuster,24,94.4,2449,7.0
808,Chase Silseth,24,97.1,3046,6.7
809,Eric Silva,24,,,
810,Yoelvin Silven,24,,,
811,Ben Simon,24,97.4,2351,6.5
812,Anthony Simonelli,24,,,
813,Lucas Sims,24,96.6,3436,7.2
814,Brady Singer,24,94.4,2599,7.6
815,Evan Sisk,24,,,
816,Paul Skenes,24,101.9,2600,6.7
817,Tarik Skubal,24,100.0,2875,6.7
818,Justin Slaten,24,98.1,2751,7.6
819,Devin Smeltzer,24,88.7,2555,6.2
820,Burch Smith,24,97.7,2593,7.7
821,Cade Smith,24,97.9,2464,8.1
822,Drew Smith,24,96.1,2945,6.7
823,Shane Smith,24,,,
824,Will Smith,24,92.7,2576,6.5
825,AJ Smith-Shawver,24,98.8,2511,7.0
826,Drew Smyly,24,94.7,2493,6.4
827,Kirby Snead,24,94.1,2953,6.3
828,Blake Snell,24,97.5,2723,7.4
829,Collin Snider,24,95.3,2773,6.7
830,George Soriano,24,97.4,2853,7.2
831,José Soriano,24,101.3,2787,7.2
832,Michael Soroka,24,95.0,3047,6.8
833,Gregory Soto,24,100.8,2667,8.0
834,Bennett Sousa,24,94.1,2296,6.4
835,Gabe Speier,24,95.6,2459,6.9
836,Mitch Spence,24,97.0,2999,6.9
837,Carson Spiers,24,94.2,2787,6.7
838,Ryne Stanek,24,100.6,2716,6.5
839,John Stankiewicz,24,83.5,2376,6.2
840,Hunter Stanley,24,94.8,2292,6.4
841,Cody Stashak,24,88.4,2254,6.1
842,Josh Staumont,24,98.4,2920,6.9
843,Justin Steele,24,94.4,2861,6.8
844,Jackson Stephens,24,93.6,3164,6.0
845,Justin Sterner,24,,,
846,Kevin Stevens,24,96.4,2423,6.8
847,Brock Stewart,24,99.4,2766,7.1
848,Gavin Stone,24,97.2,2586,7.1
849,Matt Strahm,24,95.2,2971,6.5
850,Chris Stratton,24,93.9,3298,7.2
851,Hunter Stratton,24,97.7,2916,7.6
852,Austin Strickland,24,96.3,2339,6.9
853,Hunter Strickland,24,95.6,3021,6.5
854,Samuel Strickland,24,95.5,2183,6.7
855,Spencer Strider,24,99.0,3034,8.2
856,Ross Stripling,24,94.1,2610,6.8
857,Marcus Stroman,24,92.2,3106,6.8
858,Drew Strotman,24,96.1,2675,5.9
859,Kade Strowd,24,96.5,2753,6.3
860,Peter Strzelecki,24,94.0,2993,7.1
861,Tyler Stuart,24,95.6,2408,6.9
862,José Suarez,24,95.3,3060,6.5
863,Robert Suarez,24,101.5,2646,7.0
864,Wander Suero,24,91.2,2592,7.3
865,Billy Sullivan,24,,,
866,Cole Sulser,24,94.5,2563,7.2
867,Brent Suter,24,90.6,2425,7.7
868,Albert Suárez,24,97.8,2561,7.2
869,Andrew Suárez,24,91.9,2376,6.4
870,Ranger Suárez,24,93.8,2478,7.0
871,Matt Svanson,24,96.4,2341,6.7
872,Erik Swanson,24,96.1,2477,7.1
873,Nick Swiney,24,,,
874,Cristopher Sánchez,24,96.7,2346,7.6
875,Sixto Sánchez,24,98.2,2495,7.1
876,Jameson Taillon,24,94.4,2892,7.1
877,Dillon Tate,24,94.9,2638,7.1
878,Leonardo Taveras,24,95.8,2146,6.6
879,Blake Taylor,24,95.4,2309,7.3
880,Evan Taylor,24,92.1,2701,6.2
881,Troy Taylor,24,96.9,2370,6.4
882,Julio Teheran,24,91.9,2722,6.5
883,Kai-Wei Teng,24,95.5,2926,7.5
884,Juan Then,24,,,
885,Caleb Thielbar,24,94.6,2545,6.9
886,Tyler Thomas,24,92.4,2783,6.4
887,Keegan Thompson,24,96.0,3174,6.6
888,Paxton Thompson,24,91.9,2490,6.2
889,Ryan Thompson,24,93.3,2407,7.6
890,Zack Thompson,24,94.6,3019,8.1
891,Trent Thornton,24,96.6,3203,7.3
892,Tyler Thornton,24,,,
893,Drew Thorpe,24,,,
894,Ricky Tiedemann,24,98.1,2821,6.6
895,Jesus Tinoco,24,96.6,2647,6.4
896,Anders Tolhurst,24,94.1,2326,6.2
897,Landon Tomkins,24,92.4,2590,6.6
898,Michael Tonkin,24,95.5,2489,6.9
899,Justin Topa,24,,,
900,Lenny Torres Jr.,24,98.5,2458,6.1
901,Touki Toussaint,24,,,
902,Blake Townsend,24,,,
903,Blake Treinen,24,96.4,2728,6.0
904,Jose Trevino,24,58.1,2534,4.8
905,Christopher Troye,24,,,
906,Spencer Turnbull,24,96.2,2943,7.6
907,Kyle Tyler,24,92.5,2572,7.3
908,Edwin Uceta,24,95.1,2652,6.7
909,Cayne Ueckert,24,,,
910,José Ureña,24,97.9,2552,7.3
911,Abner Uribe,24,100.7,3375,7.0
912,Naoyuki Uwasawa,24,91.8,2653,6.7
913,Framber Valdez,24,97.0,3275,6.5
914,CJ Van Eyk,24,,,
915,Logan VanWey,24,,,
916,Ricky Vanasco,24,96.4,2509,6.9
917,Carlos Vargas,24,,,
918,Gus Varland,24,96.6,2526,6.7
919,Louie Varland,24,98.3,2739,7.6
920,Luis Velasquez,24,97.3,2552,6.2
921,Anthony Veneziano,24,95.3,2398,6.8
922,Justin Verlander,24,97.0,2919,6.5
923,Alex Vesia,24,95.3,2630,7.2
924,Nick Vespi,24,89.1,2509,5.9
925,Will Vest,24,97.4,2494,6.6
926,Thyago Vieira,24,100.3,2527,7.2
927,Eli Villalobos,24,94.7,2490,6.9
928,Darius Vines,24,93.0,2807,7.0
929,Kyle Virbitsky,24,,,
930,Victor Vodnik,24,99.9,2641,7.5
931,Tyler Vogel,24,,,
932,Austin Voth,24,95.5,3018,6.8
933,Randy Vásquez,24,96.4,3322,6.7
934,Michael Wacha,24,95.6,2585,7.0
935,Jacob Waguespack,24,96.4,2453,7.5
936,Matt Waldron,24,93.8,2466,7.7
937,Josh Walker,24,95.3,2385,8.0
938,Ryan Walker,24,98.0,2883,7.3
939,Taijuan Walker,24,92.8,2584,6.4
940,Jacob Wallace,24,,,
941,Blake Walston,24,94.5,2766,6.6
942,Andrew Wantz,24,,,
943,Will Warren,24,96.1,3056,6.7
944,Mark Washington,24,94.4,2452,6.8
945,Chase Watkins,24,,,
946,Ryan Watson,24,,,
947,Troy Watson,24,98.1,2917,6.3
948,Ryan Weathers,24,98.3,2645,6.4
949,Luke Weaver,24,97.6,2663,6.3
950,Jacob Webb,24,95.5,2659,7.7
951,Logan Webb,24,94.1,2798,8.0
952,Jordan Weems,24,98.2,2454,7.0
953,Blake Weiman,24,,,
954,Greg Weissert,24,95.7,3119,7.1
955,Tyler Wells,24,94.2,2786,7.0
956,Joey Wentz,24,96.8,2706,7.4
957,Hayden Wesneski,24,97.5,2862,7.2
958,Zack Wheeler,24,97.4,2871,8.6
959,Brendan White,24,93.0,2827,6.6
960,Mitch White,24,97.8,2858,6.9
961,Owen White,24,95.5,2862,6.9
962,Forrest Whitley,24,98.7,2830,6.9
963,Garrett Whitlock,24,95.6,2806,8.3
964,Blake Whitney,24,,,
965,Jordan Wicks,24,94.9,2937,6.7
966,Trevor Williams,24,91.8,2328,7.7
967,Brandon Williamson,24,,,
968,Brooks Wilson,24,92.7,2183,6.6
969,Bryse Wilson,24,96.5,2622,7.3
970,Justin Wilson,24,97.5,2591,6.5
971,Steven Wilson,24,95.5,3006,7.6
972,Allan Winans,24,91.9,2743,7.2
973,Josh Winckowski,24,97.4,2560,7.1
974,Trey Wingenter,24,98.1,2198,7.2
975,Cole Winn,24,97.7,2927,7.7
976,Keaton Winn,24,98.4,2977,6.7
977,Cade Winquest,24,95.2,2739,7.0
978,Patrick Wisdom,24,87.9,2198,5.5
979,Bryan Woo,24,97.2,2518,6.9
980,Alex Wood,24,93.2,2945,6.7
981,Jake Woodford,24,,,
982,Simeon Woods Richardson,24,95.4,2734,7.3
983,Jeremy Wu-Yelland,24,96.3,2782,6.3
984,Yoshinobu Yamamoto,24,97.2,3173,7.0
985,Ryan Yarbrough,24,88.5,2357,7.0
986,Kirby Yates,24,95.2,2569,6.8
987,Justin Yeager,24,95.3,2418,6.1
988,Huascar Ynoa,24,,,
989,Craig Yoho,24,,,
990,Danny Young,24,90.9,3003,6.4
991,Kenyon Yovan,24,,,
992,Alfredo Zarraga,24,,,
993,Rob Zastryzny,24,,,
994,Ryan Zeferjahn,24,,,
995,Angel Zerpa,24,98.0,2979,6.3
996,Tyler Zuber,24,,,
997,Guillermo Zuñiga,24,98.8,2717,7.2
998,Brett de Geus,24,98.0,2642,6.1
